,Player,Pos,Squad,Age,MP,Starts,Min,90s,Gls,Ast,G+A,G-PK,PK,PKatt,CrdY,CrdR,Gls.1,Ast.1,G+A.1,G-PK.1,G+A-PK
0,Aaron Ramsdale,Goalkeeper,Arsenal FC,23,34,34,3,34,0,0,0,0,0,0,1,0,0,0,0,0,0
1,Albert Sambi Lokonga,Midfielder,Arsenal FC,21,19,12,1,12,0,0,0,0,0,0,5,0,0,0,0,0,0
2,Ben White,Defender,Arsenal FC,23,32,32,2,32,0,0,0,0,0,0,3,0,0,0,0,0,0
3,Bernd Leno,Goalkeeper,Arsenal FC,29,4,4,360,4,0,0,0,0,0,0,0,0,0,0,0,0,0
4,Bukayo Saka,Forward,Arsenal FC,19,38,36,2,33,11,7,18,9,2,2,6,0,0,0,0,0,0
5,Cédric Soares,Defender,Arsenal FC,29,21,16,1,16,1,1,2,1,0,0,3,0,0,0,0,0,0
6,Eddie Nketiah,Forward,Arsenal FC,22,21,8,835,9,5,1,6,5,0,0,3,0,0,0,0,0,0
7,Emile Smith Rowe,Midfielder,Arsenal FC,21,33,21,1,21,10,2,12,10,0,0,1,0,0,0,0,0,0
8,Fabio Vieira,Midfielder,Arsenal FC,21,27,15,1,14,6,11,17,6,0,0,2,0,0,0,1,0,1
9,Gabriel Dos Santos,Defender,Arsenal FC,23,35,35,3,34,5,0,5,5,0,0,8,1,0,0,0,0,0
10,Granit Xhaka,Midfielder,Arsenal FC,28,27,27,2,25,1,2,3,1,0,0,10,1,0,0,0,0,0
11,Kieran Tierney,Defender,Arsenal FC,24,22,22,1,21,1,3,4,1,0,0,0,0,0,0,0,0,0
12,Marquinhos,Midfielder,Arsenal FC,18,1,0,29,0,0,0,0,0,0,0,0,0,0,0,0,0,0
13,Martin Ødegaard,Midfielder,Arsenal FC,22,36,32,2,30,7,4,11,7,0,0,4,0,0,0,0,0,0
14,Martinelli,Forward,Arsenal FC,20,29,21,1,20,6,6,12,5,1,1,3,1,0,0,0,0,0
15,Mohamed Elneny,Midfielder,Arsenal FC,29,14,8,806,9,0,2,2,0,0,0,1,0,0,0,0,0,0
16,Reiss Nelson,Forward,Arsenal FC,21,1,0,20,0,0,0,0,0,0,0,0,0,0,0,0,0,0
17,Rob Holding,Defender,Arsenal FC,25,15,9,845,9,1,0,1,1,0,0,4,1,0,0,0,0,0
18,Sead Kolašinac,Defender,Arsenal FC,28,2,1,91,1,0,0,0,0,0,0,1,0,0,0,0,0,0
19,Takehiro Tomiyasu,Defender,Arsenal FC,22,21,20,1,18,0,1,1,0,0,0,2,0,0,0,0,0,0
20,Thomas Partey,Midfielder,Arsenal FC,28,24,23,2,22,2,1,3,2,0,0,6,0,0,0,0,0,0
21,Ashley Young,Defender,Aston Villa,36,24,10,1,13,0,2,2,0,0,0,2,0,0,0,0,0,0
22,Axel Tuanzebe,Defender,Aston Villa,23,9,6,508,5,0,0,0,0,0,0,1,0,0,0,0,0,0
23,Boubacar Kamara,Midfielder,Aston Villa,21,34,31,2,30,1,0,1,1,0,0,5,0,0,0,0,0,0
24,Calum Chambers,Defender,Aston Villa,26,11,9,831,9,1,0,1,1,0,0,1,0,0,0,0,0,0
25,Cameron Archer,Forward,Aston Villa,20,3,0,27,0,0,0,0,0,0,0,0,0,0,0,0,0,0
26,Danny Ings,Forward,Aston Villa,29,30,22,1,21,7,6,13,6,1,1,4,0,0,0,0,0,0
27,Diego Carlos,Defender,Aston Villa,28,34,34,2,32,3,0,3,3,0,0,4,1,0,0,0,0,0
28,Douglas Luiz,Midfielder,Aston Villa,23,34,31,2,30,2,3,5,2,0,0,7,0,0,0,0,0,0
29,Emi Buendía,Midfielder,Aston Villa,24,35,22,1,21,4,6,10,4,0,0,1,0,0,0,0,0,0
30,Emiliano Martínez,Goalkeeper,Aston Villa,28,36,36,3,36,0,0,0,0,0,0,4,0,0,0,0,0,0
31,Ezri Konsa,Defender,Aston Villa,23,29,29,2,27,2,0,2,2,0,0,6,2,0,0,0,0,0
32,Jacob Ramsey,Midfielder,Aston Villa,20,34,29,2,27,6,1,7,6,0,0,6,0,0,0,0,0,0
33,Jed Steer,Goalkeeper,Aston Villa,28,1,1,90,1,0,0,0,0,0,0,0,0,0,0,0,0,0
34,John McGinn,Midfielder,Aston Villa,26,35,35,3,34,3,4,7,3,0,0,8,0,0,0,0,0,0
35,Kortney Hause,Defender,Aston Villa,26,7,4,397,4,1,0,1,1,0,0,0,0,0,0,0,0,0
36,Leon Bailey,Forward,Aston Villa,23,18,7,761,8,1,2,3,1,0,0,3,0,0,0,0,0,0
37,Lucas Digne,Defender,Aston Villa,28,16,16,1,14,0,4,4,0,0,0,2,0,0,0,0,0,0
38,Ludwig Augustinsson,Defender,Aston Villa,27,19,9,793,8,0,1,1,0,0,0,3,0,0,0,0,0,0
39,Marvelous Nakamba,Midfielder,Aston Villa,27,16,10,904,10,0,0,0,0,0,0,5,0,0,0,0,0,0
40,Matty Cash,Defender,Aston Villa,23,38,38,3,37,4,3,7,4,0,0,8,0,0,0,0,0,0
41,Morgan Sanson,Midfielder,Aston Villa,26,10,3,356,4,0,0,0,0,0,0,0,0,0,0,0,0,0
42,Ollie Watkins,Forward,Aston Villa,25,35,33,2,32,11,2,13,10,1,1,7,0,0,0,0,0,0
43,Philippe Coutinho,Midfielder,Aston Villa,29,19,16,1,14,5,3,8,5,0,0,0,0,0,0,0,0,0
44,Robin Olsen,Goalkeeper,Aston Villa,31,1,1,90,1,0,0,0,0,0,0,0,0,0,0,0,0,0
45,Tyrone Mings,Defender,Aston Villa,28,36,35,3,35,1,3,4,1,0,0,11,0,0,0,0,0,0
46,Wesley Moraes,Forward,Aston Villa,24,1,0,1,0,0,0,0,0,0,0,0,0,0,0,0,0,0
47,Adam Smith,Defender,Bournemouth,30,20,20,1,19,0,2,2,0,0,0,5,1,0,0,0,0,0
48,Ben Pearson,Midfielder,Bournemouth,26,23,8,883,9,0,1,1,0,0,0,4,0,0,0,0,0,0
49,Chris Mepham,Defender,Bournemouth,23,22,12,1,12,0,0,0,0,0,0,7,0,0,0,0,0,0
50,Christian Saydee,Forward,Bournemouth,19,2,0,2,0,0,0,0,0,0,0,0,0,0,0,0,0,0
51,David Brooks,Forward,Bournemouth,24,7,7,500,5,1,0,1,1,0,0,3,1,0,0,0,0,0
52,Dominic Solanke,Forward,Bournemouth,23,46,46,4,45,29,7,36,25,4,5,6,0,0,0,0,0,0
53,Emiliano Marcondes,Midfielder,Bournemouth,26,17,8,789,8,2,1,3,2,0,0,2,0,0,0,0,0,0
54,Ethan Laird,Defender,Bournemouth,20,6,4,375,4,0,0,0,0,0,0,0,0,0,0,0,0,0
55,Gary Cahill,Defender,Bournemouth,35,22,21,1,21,0,1,1,0,0,0,4,1,0,0,0,0,0
56,Jack Stacey,Defender,Bournemouth,25,25,24,2,23,0,2,2,0,0,0,5,0,0,0,0,0,0
57,Jaidon Anthony,Forward,Bournemouth,21,45,38,3,36,8,6,14,8,0,0,3,0,0,0,0,0,0
58,Jamal Lowe,Forward,Bournemouth,27,34,9,1,12,7,2,9,7,0,0,3,0,0,0,0,0,0
59,James Hill,Defender,Bournemouth,19,1,0,2,0,0,0,0,0,0,0,0,0,0,0,0,0,0
60,Jefferson Lerma,Midfielder,Bournemouth,26,34,33,2,31,1,3,4,1,0,0,8,2,0,0,0,0,0
61,Joe Rothwell,Midfielder,Bournemouth,26,41,36,3,35,3,10,13,3,0,0,8,0,0,0,0,0,0
62,Jordan Zemura,Defender,Bournemouth,21,33,32,2,32,3,1,4,3,0,0,6,0,0,0,0,0,0
63,Junior Stanislas,Midfielder,Bournemouth,31,7,2,180,2,0,2,2,0,0,0,0,0,0,1,1,0,1
64,Kieffer Moore,Midfielder,Bournemouth,28,4,0,87,1,4,0,4,4,0,0,0,0,4,0,4,4,4
65,Leif Davis,Defender,Bournemouth,21,12,7,574,6,0,1,1,0,0,0,0,0,0,0,0,0,0
66,Lewis Cook,Midfielder,Bournemouth,24,28,25,2,24,1,2,3,1,0,0,5,0,0,0,0,0,0
67,Lloyd Kelly,Defender,Bournemouth,22,41,40,3,40,1,1,2,1,0,0,6,0,0,0,0,0,0
68,Marcos Senesi,Defender,Bournemouth,24,32,31,2,28,2,2,4,2,0,0,4,0,0,0,0,0,0
69,Marcus Tavernier,Midfielder,Bournemouth,22,44,43,3,43,5,5,10,5,0,0,7,0,0,0,0,0,0
70,Mark Travers,Goalkeeper,Bournemouth,22,45,45,4,45,0,0,0,0,0,0,3,0,0,0,0,0,0
71,Morgan Rogers,Midfielder,Bournemouth,19,15,1,231,2,1,0,1,1,0,0,0,0,0,0,0,0,0
72,Nathaniel Phillips,Defender,Bournemouth,24,17,17,1,17,0,0,0,0,0,0,3,0,0,0,0,0,0
73,Ørjan Nyland,Goalkeeper,Bournemouth,30,1,1,90,1,0,0,0,0,0,0,0,0,0,0,0,0,0
74,Philip Billing,Midfielder,Bournemouth,25,40,37,3,36,10,10,20,10,0,0,13,0,0,0,0,0,0
75,Robbie Brady,Defender,Bournemouth,29,6,2,194,2,0,0,0,0,0,0,0,0,0,0,0,0,0
76,Ryan Christie,Forward,Bournemouth,26,38,36,2,33,3,8,11,3,0,0,6,0,0,0,0,0,0
77,Siriki Dembélé,Forward,Bournemouth,24,13,4,527,5,2,1,3,2,0,0,0,0,0,0,0,0,0
78,Todd Cantwell,Midfielder,Bournemouth,23,11,8,639,7,0,0,0,0,0,0,2,0,0,0,0,0,0
79,Zeno Ibsen Rossi,Defender,Bournemouth,20,4,3,274,3,0,1,1,0,0,0,0,0,0,0,0,0,0
80,Aaron Hickey,Defender,Brentford FC,19,36,34,2,31,5,1,6,5,0,0,7,0,0,0,0,0,0
81,Álvaro Fernández,Goalkeeper,Brentford FC,23,12,12,1,12,0,0,0,0,0,0,0,0,0,0,0,0,0
82,Bryan Mbeumo,Forward,Brentford FC,21,35,34,2,32,4,7,11,3,1,1,4,0,0,0,0,0,0
83,Charlie Goode,Defender,Brentford FC,25,6,4,450,5,0,0,0,0,0,0,3,0,0,0,0,0,0
84,Christian Nørgaard,Midfielder,Brentford FC,27,35,35,3,33,3,4,7,3,0,0,8,0,0,0,0,0,0
85,David Raya,Goalkeeper,Brentford FC,25,24,24,2,24,0,0,0,0,0,0,1,0,0,0,0,0,0
86,Dominic Thompson,Defender,Brentford FC,21,2,2,146,1,0,0,0,0,0,0,0,0,0,0,0,0,0
87,Ethan Pinnock,Defender,Brentford FC,28,32,32,2,29,1,1,2,1,0,0,1,0,0,0,0,0,0
88,Finley Stevens,Defender,Brentford FC,18,1,0,15,0,0,0,0,0,0,0,0,0,0,0,0,0,0
89,Frank Onyeka,Midfielder,Brentford FC,23,20,12,1,11,0,0,0,0,0,0,4,0,0,0,0,0,0
90,Ivan Toney,Forward,Brentford FC,25,33,32,2,32,12,5,17,7,5,5,8,0,0,0,0,0,0
91,Jonas Lössl,Goalkeeper,Brentford FC,32,2,2,180,2,0,0,0,0,0,0,0,0,0,0,0,0,0
92,Josh Dasilva,Midfielder,Brentford FC,22,9,2,257,2,0,0,0,0,0,0,0,1,0,0,0,0,0
93,Keane Lewis-Potter,Forward,Brentford FC,20,46,46,4,46,12,3,15,12,0,0,3,0,0,0,0,0,0
94,Kristoffer Ajer,Defender,Brentford FC,23,24,23,1,22,1,3,4,1,0,0,5,0,0,0,0,0,0
95,Mads Bidstrup,Midfielder,Brentford FC,20,4,0,41,0,0,0,0,0,0,0,0,0,0,0,0,0,0
96,Mads Roerslev,Defender,Brentford FC,22,21,12,1,13,1,1,2,1,0,0,1,0,0,0,0,0,0
97,Mathias Jensen,Midfielder,Brentford FC,25,31,19,1,17,0,1,1,0,0,0,0,0,0,0,0,0,0
98,Mathias Jørgensen,Defender,Brentford FC,31,8,6,518,5,1,0,1,1,0,0,2,0,0,0,0,0,0
99,Mikkel Damsgaard,Midfielder,Brentford FC,21,11,6,578,6,0,0,0,0,0,0,1,0,0,0,0,0,0
100,Nathan Young-Coombes,Midfielder,Brentford FC,18,1,0,4,0,0,0,0,0,0,0,0,0,0,0,0,0,0
101,Pontus Jansson,Defender,Brentford FC,30,37,37,3,36,3,1,4,3,0,0,7,0,0,0,0,0,0
102,Rico Henry,Defender,Brentford FC,24,34,33,2,30,3,0,3,3,0,0,2,0,0,0,0,0,0
103,Saman Ghoddos,Midfielder,Brentford FC,27,17,4,536,6,1,1,2,1,0,0,2,0,0,0,0,0,0
104,Sergi Canós,Defender,Brentford FC,24,31,25,2,23,3,2,5,3,0,0,8,1,0,0,0,0,0
105,Shandon Baptiste,Midfielder,Brentford FC,23,22,9,910,10,1,0,1,1,0,0,2,1,0,0,0,0,0
106,Vitaly Janelt,Midfielder,Brentford FC,23,31,27,2,25,4,0,4,4,0,0,3,0,0,0,0,0,0
107,Yoane Wissa,Forward,Brentford FC,24,30,12,1,14,7,1,8,7,0,0,0,0,0,0,0,0,0
108,Ben Mee,Defender,Brentford FC,31,21,21,1,20,3,0,3,3,0,0,3,0,0,0,0,0,0
109,Aaron Connolly,Forward,Brighton & Hove Albion,21,4,1,156,1,0,0,0,0,0,0,0,0,0,0,0,0,0
110,Adam Lallana,Midfielder,Brighton & Hove Albion,33,24,18,1,17,0,1,1,0,0,0,4,0,0,0,0,0,0
111,Adam Webster,Defender,Brighton & Hove Albion,26,22,16,1,15,2,0,2,2,0,0,5,0,0,0,0,0,0
112,Alexis Mac Allister,Midfielder,Brighton & Hove Albion,22,33,22,2,23,5,2,7,3,2,3,4,0,0,0,0,0,0
113,Danny Welbeck,Forward,Brighton & Hove Albion,30,25,15,1,16,6,2,8,6,0,0,0,0,0,0,0,0,0
114,Enock Mwepu,Midfielder,Brighton & Hove Albion,23,18,12,996,11,2,4,6,2,0,0,2,0,0,0,0,0,0
115,Evan Ferguson,Midfielder,Brighton & Hove Albion,16,1,0,23,0,0,0,0,0,0,0,0,0,0,0,0,0,0
116,Jakub Moder,Midfielder,Brighton & Hove Albion,22,28,19,1,18,0,3,3,0,0,0,1,0,0,0,0,0,0
117,Jason Steele,Goalkeeper,Brighton & Hove Albion,30,1,1,90,1,0,0,0,0,0,0,0,0,0,0,0,0,0
118,Jeremy Sarmiento,Forward,Brighton & Hove Albion,19,5,1,48,0,0,0,0,0,0,0,0,0,0,0,0,0,0
119,Joël Veltman,Defender,Brighton & Hove Albion,29,34,33,2,31,1,1,2,1,0,0,6,0,0,0,0,0,0
120,Julio César Enciso,Midfielder,Brighton & Hove Albion,18,14,14,1,13,11,3,14,9,2,2,1,0,0,0,1,0,0
121,Jürgen Locadia,Midfielder,Brighton & Hove Albion,27,1,0,23,0,0,0,0,0,0,0,0,0,0,0,0,0,0
122,Leandro Trossard,Forward,Brighton & Hove Albion,26,34,32,2,31,8,3,11,7,1,1,2,0,0,0,0,0,0
123,Levi Colwill,Defender,Brighton & Hove Albion,18,29,26,2,26,2,1,3,2,0,0,5,0,0,0,0,0,0
124,Lewis Dunk,Defender,Brighton & Hove Albion,29,29,29,2,28,1,0,1,1,0,0,3,1,0,0,0,0,0
125,Moisés Caicedo,Midfielder,Brighton & Hove Albion,19,8,8,660,7,1,1,2,1,0,0,2,0,0,0,0,0,0
126,Pascal Groß,Midfielder,Brighton & Hove Albion,30,29,24,2,22,2,4,6,2,0,1,1,0,0,0,0,0,0
127,Pervis Estupiñán,Defender,Brighton & Hove Albion,23,28,17,1,17,0,1,1,0,0,0,3,0,0,0,0,0,0
128,Robert Sánchez,Goalkeeper,Brighton & Hove Albion,23,37,37,3,37,0,0,0,0,0,0,3,1,0,0,0,0,0
129,Solly March,Defender,Brighton & Hove Albion,27,31,17,1,19,0,2,2,0,0,0,1,0,0,0,0,0,0
130,Steven Alzate,Midfielder,Brighton & Hove Albion,22,9,5,404,4,0,0,0,0,0,0,0,0,0,0,0,0,0
131,Tariq Lamptey,Defender,Brighton & Hove Albion,20,30,16,1,17,0,2,2,0,0,0,4,0,0,0,0,0,0
132,Taylor Richards,Midfielder,Brighton & Hove Albion,20,2,0,25,0,0,0,0,0,0,0,0,0,0,0,0,0,0
133,Carney Chukwuemeka,Midfielder,Chelsea FC,17,12,2,301,3,0,1,1,0,0,0,0,0,0,0,0,0,0
134,Marc Cucurella,Defender,Chelsea FC,23,35,35,3,34,1,1,2,1,0,0,6,0,0,0,0,0,0
135,Andreas Christensen,Defender,Chelsea FC,25,19,17,1,16,0,0,0,0,0,0,2,0,0,0,0,0,0
136,Ben Chilwell,Defender,Chelsea FC,24,7,6,542,6,3,1,4,3,0,0,0,0,0,0,0,0,0
137,Callum Hudson-Odoi,Midfielder,Chelsea FC,20,15,11,962,10,1,2,3,1,0,0,1,0,0,0,0,0,0
138,César Azpilicueta,Defender,Chelsea FC,31,27,24,2,23,1,2,3,1,0,0,3,0,0,0,0,0,0
139,Christian Pulisic,Midfielder,Chelsea FC,22,22,13,1,14,6,2,8,6,0,0,2,0,0,0,0,0,0
140,Denis Zakaria,Midfielder,Chelsea FC,24,9,6,597,6,1,1,2,1,0,0,1,0,0,0,0,0,0
141,Edouard Mendy,Goalkeeper,Chelsea FC,29,34,34,3,34,0,0,0,0,0,0,3,0,0,0,0,0,0
142,Hakim Ziyech,Midfielder,Chelsea FC,28,23,14,1,14,4,3,7,4,0,0,3,0,0,0,0,0,0
143,Jorginho,Midfielder,Chelsea FC,29,29,26,2,25,6,2,8,0,6,7,5,0,0,0,0,0,0
144,Kai Havertz,Forward,Chelsea FC,22,29,22,1,20,8,3,11,8,0,0,3,0,0,0,0,0,0
145,Kalidou Koulibaly,Defender,Chelsea FC,30,27,27,2,26,3,1,4,3,0,0,5,1,0,0,0,0,0
146,Kepa Arrizabalaga,Goalkeeper,Chelsea FC,26,4,4,360,4,0,0,0,0,0,0,0,0,0,0,0,0,0
147,Malang Sarr,Defender,Chelsea FC,22,8,6,546,6,0,0,0,0,0,0,2,0,0,0,0,0,0
148,Mason Mount,Midfielder,Chelsea FC,22,32,27,2,26,11,10,21,10,1,1,4,0,0,0,0,0,0
149,Mateo Kovačić,Midfielder,Chelsea FC,27,25,16,1,17,2,5,7,2,0,0,4,0,0,0,0,0,0
150,N'Golo Kanté,Midfielder,Chelsea FC,30,26,21,1,19,2,4,6,2,0,0,2,0,0,0,0,0,0
151,Pierre-Emerick Aubameyang,Forward,Chelsea FC,32,14,12,1,11,4,1,5,4,0,2,3,0,0,0,0,0,0
152,Raheem Sterling,Forward,Chelsea FC,26,30,23,2,23,13,5,18,11,2,3,1,0,0,0,0,0,0
153,Reece James,Defender,Chelsea FC,21,26,22,1,20,5,9,14,5,0,0,4,1,0,0,0,0,0
154,Romelu Lukaku,Forward,Chelsea FC,28,26,16,1,17,8,0,8,7,1,1,1,0,0,0,0,0,0
155,Ross Barkley,Midfielder,Chelsea FC,27,6,1,179,2,1,0,1,1,0,0,0,0,0,0,0,0,0
156,Ruben Loftus-Cheek,Midfielder,Chelsea FC,25,24,13,1,15,0,2,2,0,0,0,1,0,0,0,0,0,0
157,Thiago Silva,Defender,Chelsea FC,36,32,28,2,29,3,0,3,3,0,0,2,0,0,0,0,0,0
158,Trevoh Chalobah,Defender,Chelsea FC,22,20,17,1,16,3,1,4,3,0,0,2,0,0,0,0,0,0
159,Chris Richards,Defender,Crystal Palace,21,19,13,1,14,1,1,2,1,0,0,1,0,0,0,0,0,0
160,Conor Gallagher,Midfielder,Crystal Palace,21,34,33,2,31,8,3,11,8,0,0,10,0,0,0,0,0,0
161,Eberechi Eze,Midfielder,Crystal Palace,23,13,6,605,6,1,1,2,1,0,0,1,0,0,0,0,0,0
162,Jack Butland,Goalkeeper,Crystal Palace,28,9,8,765,8,0,0,0,0,0,0,0,0,0,0,0,0,0
163,Jaïro Riedewald,Midfielder,Crystal Palace,24,3,1,118,1,0,0,0,0,0,0,0,0,0,0,0,0,0
164,James McArthur,Midfielder,Crystal Palace,33,21,15,1,16,0,3,3,0,0,0,4,0,0,0,0,0,0
165,James Tomkins,Defender,Crystal Palace,32,8,6,547,6,1,0,1,1,0,0,2,0,0,0,0,0,0
166,Jean-Philippe Mateta,Forward,Crystal Palace,24,22,13,1,12,5,1,6,5,0,0,2,0,0,0,0,0,0
167,Jeffrey Schlupp,Midfielder,Crystal Palace,28,32,20,1,20,4,1,5,4,0,0,1,0,0,0,0,0,0
168,Jesuran Rak Sakyi,Forward,Crystal Palace,18,2,1,80,0,0,0,0,0,0,0,0,0,0,0,0,0,0
169,Joachim Andersen,Defender,Crystal Palace,25,34,32,2,32,0,3,3,0,0,0,4,0,0,0,0,0,0
170,Joel Ward,Defender,Crystal Palace,31,28,27,2,27,0,0,0,0,0,0,8,0,0,0,0,0,0
171,Jordan Ayew,Forward,Crystal Palace,29,31,23,2,22,3,3,6,3,0,0,2,0,0,0,0,0,0
172,Luka Milivojević,Midfielder,Crystal Palace,30,15,9,774,8,0,0,0,0,0,0,1,0,0,0,0,0,0
173,Marc Guéhi,Defender,Crystal Palace,21,36,36,3,35,2,1,3,2,0,0,4,0,0,0,0,0,0
174,Michael Olise,Forward,Crystal Palace,19,26,12,1,12,2,5,7,2,0,0,4,0,0,0,0,0,0
175,Nathan Ferguson,Defender,Crystal Palace,20,1,0,9,0,0,0,0,0,0,0,0,0,0,0,0,0,0
176,Nathaniel Clyne,Defender,Crystal Palace,30,16,15,1,15,0,1,1,0,0,0,1,0,0,0,0,0,0
177,Odsonne Édouard,Forward,Crystal Palace,23,28,18,1,17,6,3,9,5,1,1,4,0,0,0,0,0,0
178,Tyrick Mitchell,Defender,Crystal Palace,21,36,35,3,34,0,2,2,0,0,0,1,0,0,0,0,0,0
179,Vicente Guaita,Goalkeeper,Crystal Palace,34,30,30,2,29,0,0,0,0,0,0,2,0,0,0,0,0,0
180,Wilfried Zaha,Forward,Crystal Palace,28,33,31,2,30,14,1,15,9,5,7,6,1,0,0,0,0,0
181,Will Hughes,Midfielder,Crystal Palace,26,16,13,1,11,0,1,1,0,0,0,6,0,0,0,0,0,0
182,Neal Maupay,Forward,Everton FC,24,32,25,2,25,8,2,10,7,1,2,7,0,0,0,0,0,0
183,Dwight McNeil,Midfielder,Everton FC,21,38,35,3,34,0,1,1,0,0,0,1,0,0,0,0,0,0
184,James Tarkowski,Defender,Everton FC,28,35,35,3,34,1,2,3,1,0,0,11,0,0,0,0,0,0
185,Abdoulaye Doucouré,Midfielder,Everton FC,28,30,29,2,28,2,4,6,2,0,0,6,0,0,0,0,0,0
186,Alex Iwobi,Midfielder,Everton FC,25,28,22,2,22,2,2,4,2,0,0,1,0,0,0,0,0,0
187,Amadou Onana,Midfielder,Everton FC,19,32,11,1,15,1,0,1,1,0,0,2,1,0,0,0,0,0
188,Andros Townsend,Midfielder,Everton FC,30,21,17,1,16,3,2,5,2,1,1,3,0,0,0,0,0,0
189,Anthony Gordon,Midfielder,Everton FC,20,35,25,2,25,4,2,6,4,0,0,4,0,0,0,0,0,0
190,Asmir Begović,Goalkeeper,Everton FC,34,3,3,270,3,0,0,0,0,0,0,0,0,0,0,0,0,0
191,Ben Godfrey,Defender,Everton FC,23,23,23,2,22,0,0,0,0,0,0,6,0,0,0,0,0,0
192,Cenk Tosun,Midfielder,Everton FC,30,1,0,7,0,0,0,0,0,0,0,0,0,0,0,0,0,0
193,Cheick Doucouré,Midfielder,Everton FC,21,34,33,2,32,1,4,5,1,0,0,7,1,0,0,0,0,0
194,Demarai Gray,Midfielder,Everton FC,25,34,28,2,26,5,4,9,5,0,0,3,0,0,0,0,0,0
195,Dominic Calvert-Lewin,Forward,Everton FC,24,17,15,1,14,5,2,7,3,2,3,2,0,0,0,0,0,0
196,Ellis Simms,Forward,Everton FC,20,1,1,61,0,0,0,0,0,0,0,0,0,0,0,0,0,0
197,Fabian Delph,Midfielder,Everton FC,31,11,8,662,7,0,0,0,0,0,0,2,0,0,0,0,0,0
198,Idrissa Gana Gueye,Midfielder,Everton FC,31,26,18,1,18,3,1,4,3,0,0,4,0,0,0,0,0,0
199,Isaac Price,Midfielder,Everton FC,17,1,0,14,0,0,0,0,0,0,0,0,0,0,0,0,0,0
200,Jarrad Branthwaite,Defender,Everton FC,19,6,4,388,4,1,0,1,1,0,0,0,1,0,0,0,0,0
201,Jean-Philippe Gbamin,Midfielder,Everton FC,25,3,1,67,0,0,0,0,0,0,0,0,0,0,0,0,0,0
202,Jonjoe Kenny,Defender,Everton FC,24,15,11,1,11,0,1,1,0,0,0,3,1,0,0,0,0,0
203,Jordan Pickford,Goalkeeper,Everton FC,27,35,35,3,35,0,0,0,0,0,0,2,0,0,0,0,0,0
204,Lewis Dobbin,Forward,Everton FC,18,3,0,32,0,0,0,0,0,0,0,1,0,0,0,0,0,0
205,Lucas Digne,Defender,Everton FC,28,13,13,1,13,0,0,0,0,0,0,4,0,0,0,0,0,0
206,Mason Holgate,Defender,Everton FC,24,25,23,2,23,2,1,3,2,0,0,7,1,0,0,0,0,0
207,Michael Keane,Defender,Everton FC,28,32,31,2,31,3,2,5,3,0,0,4,1,0,0,0,0,0
208,Moise Kean,Forward,Everton FC,21,1,0,1,0,0,0,0,0,0,0,0,0,0,0,0,0,0
209,Rúben Vinagre,Midfielder,Everton FC,22,12,7,544,6,0,1,1,0,0,0,2,0,0,0,0,0,0
210,Salomón Rondón,Forward,Everton FC,31,20,8,790,8,1,1,2,1,0,0,3,1,0,0,0,0,0
211,Séamus Coleman,Defender,Everton FC,32,30,30,2,29,1,0,1,1,0,0,4,0,0,0,0,0,0
212,Tom Davies,Midfielder,Everton FC,23,6,2,234,2,1,0,1,1,0,0,1,0,0,0,0,0,0
213,Tyler Onyango,Midfielder,Everton FC,18,3,0,28,0,0,0,0,0,0,0,0,0,0,0,0,0,0
214,Vitaliy Mykolenko,Defender,Everton FC,22,13,12,1,11,1,0,1,1,0,0,0,0,0,0,0,0,0
215,Yerry Mina,Defender,Everton FC,26,13,11,846,9,0,0,0,0,0,0,3,0,0,0,0,0,0
216,Shane Duffy,Defender,Fulham FC,29,18,15,1,16,1,0,1,1,0,0,7,0,0,0,0,0,0
217,Aboubakar Kamara,Forward,Fulham FC,26,1,0,2,0,0,0,0,0,0,0,0,0,0,0,0,0,0
218,Aleksandar Mitrović,Forward,Fulham FC,26,44,44,3,42,43,7,50,37,6,7,10,0,1,0,1,0,1
219,Alfie Mawson,Defender,Fulham FC,27,6,1,210,2,0,0,0,0,0,0,0,0,0,0,0,0,0
220,Antonee Robinson,Defender,Fulham FC,23,36,33,3,33,2,4,6,2,0,0,6,0,0,0,0,0,0
221,Bobby Reid,Forward,Fulham FC,28,41,26,2,28,8,8,16,8,0,0,4,0,0,0,0,0,0
222,Damian Las,Goalkeeper,Fulham FC,19,0,0,140,16,2,1,4,2,0,0,2,0,0,0,0,0,0
223,Denis Odoi,Defender,Fulham FC,33,18,17,1,16,1,3,4,1,0,0,6,0,0,0,0,0,0
224,Domingos Quina,Midfielder,Fulham FC,21,2,1,92,1,0,0,0,0,0,0,1,0,0,0,0,0,0
225,Fabio Carvalho,Midfielder,Fulham FC,18,36,33,2,31,10,7,17,10,0,0,5,0,0,0,0,0,0
226,Fabricio,Goalkeeper,Fulham FC,33,0,0,140,16,2,1,4,2,0,0,2,0,0,0,0,0,0
227,Harrison Reed,Midfielder,Fulham FC,26,39,32,2,29,0,2,2,0,0,0,7,0,0,0,0,0,0
228,Harry Wilson,Forward,Fulham FC,24,41,40,3,38,10,19,29,10,0,0,6,1,0,0,0,0,0
229,Jay Stansfield,Forward,Fulham FC,18,1,0,1,0,0,0,0,0,0,0,0,0,0,0,0,0,0
230,Josh Onomah,Midfielder,Fulham FC,24,20,8,808,9,1,3,4,1,0,0,1,0,0,0,0,0,0
231,Kenny Tete,Defender,Fulham FC,25,20,15,1,14,2,1,3,2,0,0,1,0,0,0,0,0,0
232,Marek Rodák,Goalkeeper,Fulham FC,24,33,33,2,33,0,0,0,0,0,0,1,0,0,0,0,0,0
233,Michael Hector,Defender,Fulham FC,29,4,4,360,4,0,0,0,0,0,0,1,0,0,0,0,0,0
234,Nathaniel Chalobah,Midfielder,Fulham FC,26,20,11,944,10,0,1,1,0,0,0,1,0,0,0,0,0,0
235,Neeskens Kebano,Forward,Fulham FC,29,40,31,2,30,9,6,15,9,0,0,1,0,0,0,0,0,0
236,Rodrigo Muniz,Forward,Fulham FC,20,25,2,511,5,5,0,5,5,0,0,0,0,0,0,0,0,0
237,Tim Ream,Defender,Fulham FC,33,46,46,4,45,1,2,3,1,0,0,5,0,0,0,0,0,0
238,Tom Cairney,Midfielder,Fulham FC,30,26,16,1,17,3,4,7,3,0,0,2,0,0,0,0,0,0
239,Tosin Adarabioyo,Defender,Fulham FC,23,41,41,3,40,2,2,4,2,0,0,3,1,0,0,0,0,0
240,Tyrese Francois,Midfielder,Fulham FC,21,2,1,87,1,0,0,0,0,0,0,0,0,0,0,0,0,0
241,Carlos Vinícius,Forward,Fulham FC,26,23,10,1,12,6,6,12,6,0,0,5,0,0,0,0,0,0
242,João Palhinha,Midfielder,Fulham FC,26,27,23,1,20,3,0,3,3,0,0,6,1,0,0,0,0,0
243,Kevin Mbabu,Defender,Fulham FC,26,24,14,1,15,0,0,0,0,0,0,4,0,0,0,0,0,0
244,Willian,Forward,Fulham FC,33,14,10,828,9,0,2,2,0,0,0,1,0,0,0,0,0,0
245,Adam Forshaw,Midfielder,Leeds United,29,22,17,1,17,0,1,1,0,0,0,5,0,0,0,0,0,0
246,Brenden Aaronson,Midfielder,Leeds United,20,26,21,1,21,4,4,8,3,1,1,1,0,0,0,0,0,0
247,Charlie Cresswell,Defender,Leeds United,18,5,1,141,1,0,0,0,0,0,0,1,0,0,0,0,0,0
248,Cody Drameh,Defender,Leeds United,19,3,1,128,1,0,0,0,0,0,0,1,0,0,0,0,0,0
249,Crysencio Summerville,Midfielder,Leeds United,19,6,0,130,1,0,0,0,0,0,0,0,0,0,0,0,0,0
250,Daniel James,Forward,Leeds United,23,32,29,2,26,4,4,8,4,0,0,7,1,0,0,0,0,0
251,Degnand Gnonto,Forward,Leeds United,17,33,9,1,14,9,1,10,9,0,0,8,0,0,0,0,0,0
252,Diego Llorente,Defender,Leeds United,27,28,28,2,26,3,0,3,3,0,0,7,0,0,0,0,0,0
253,Hélder Costa,Midfielder,Leeds United,27,1,0,22,0,0,0,0,0,0,0,0,0,0,0,0,0,0
254,Illan Meslier,Goalkeeper,Leeds United,21,38,38,3,37,0,0,0,0,0,0,2,0,0,0,0,0,0
255,Jack Harrison,Forward,Leeds United,24,35,32,2,29,8,1,9,8,0,0,3,0,0,0,0,0,0
256,Jamie Shackleton,Defender,Leeds United,21,14,7,709,7,0,0,0,0,0,0,4,0,0,0,0,0,0
257,Joe Gelhardt,Forward,Leeds United,19,20,5,746,8,2,2,4,2,0,0,4,0,0,0,0,0,0
258,Junior Firpo,Defender,Leeds United,24,24,19,1,19,0,2,2,0,0,0,11,0,0,0,0,0,0
259,Kalvin Phillips,Midfielder,Leeds United,25,20,18,1,17,0,1,1,0,0,0,4,0,0,0,0,0,0
260,Kristoffer Klaesson,Goalkeeper,Leeds United,20,1,0,36,0,0,0,0,0,0,0,0,0,0,0,0,0,0
261,Leo Fuhr Hjelde,Midfielder,Leeds United,17,2,0,150,1,0,0,0,0,0,0,0,0,0,0,0,0,0
262,Lewis Bate,Midfielder,Leeds United,18,3,1,146,1,0,0,0,0,0,0,0,0,0,0,0,0,0
263,Liam Cooper,Defender,Leeds United,29,21,21,1,20,0,1,1,0,0,0,5,0,0,0,0,0,0
264,Liam McCarron,Forward,Leeds United,20,1,0,10,0,0,0,0,0,0,0,0,0,0,0,0,0,0
265,Luis Sinisterra,Forward,Leeds United,22,30,29,2,26,12,7,19,12,0,0,1,0,0,0,0,0,0
266,Luke Ayling,Defender,Leeds United,29,26,26,2,25,2,2,4,2,0,0,4,1,0,0,0,0,0
267,Marc Roca,Midfielder,Leeds United,24,9,4,379,4,0,0,0,0,0,0,0,0,0,0,0,0,0
268,Mateusz Klich,Midfielder,Leeds United,31,33,26,2,23,1,2,3,1,0,0,5,0,0,0,0,0,0
269,Pascal Struijk,Defender,Leeds United,21,29,22,2,22,1,0,1,1,0,0,6,1,0,0,0,0,0
270,Patrick Bamford,Forward,Leeds United,27,9,7,559,6,2,2,4,2,0,0,2,0,0,0,0,0,0
271,Raphinha,Forward,Leeds United,24,35,34,2,32,11,3,14,7,4,4,7,0,0,0,0,0,0
272,Rasmus Nissen,Defender,Leeds United,24,29,29,2,28,7,4,11,7,0,2,1,0,0,0,0,0,0
273,Robin Koch,Midfielder,Leeds United,25,20,17,1,17,0,0,0,0,0,0,3,0,0,0,0,0,0
274,Rodrigo,Midfielder,Leeds United,30,31,27,2,25,6,1,7,5,1,1,9,0,0,0,0,0,0
275,Sam Greenwood,Midfielder,Leeds United,19,7,1,237,2,0,2,2,0,0,0,0,0,0,0,0,0,0
276,Stuart Dallas,Defender,Leeds United,30,34,34,2,32,1,1,2,1,0,0,5,0,0,0,0,0,0
277,Stuart McKinstry,Midfielder,Leeds United,18,1,0,4,0,0,0,0,0,0,0,0,0,0,0,0,0,0
278,Tyler Adams,Midfielder,Leeds United,22,24,12,1,15,0,1,1,0,0,0,5,0,0,0,0,0,0
279,Tyler Roberts,Midfielder,Leeds United,22,23,7,987,11,1,1,2,1,0,0,5,0,0,0,0,0,0
280,Ademola Lookman,Forward,Leicester City,23,26,16,1,16,6,0,6,6,0,0,2,0,0,0,0,0,0
281,Ayoze Pérez,Midfielder,Leicester City,28,14,6,445,4,2,3,5,2,0,0,0,1,0,0,1,0,1
282,Boubakary Soumaré,Midfielder,Leicester City,22,19,12,1,12,0,1,1,0,0,0,0,0,0,0,0,0,0
283,Çağlar Söyüncü,Defender,Leicester City,25,28,28,2,27,1,0,1,1,0,0,5,0,0,0,0,0,0
284,Daniel Amartey,Defender,Leicester City,26,28,23,2,23,0,0,0,0,0,0,4,0,0,0,0,0,0
285,Danny Ward,Goalkeeper,Leicester City,28,1,1,90,1,0,0,0,0,0,0,0,0,0,0,0,0,0
286,Hamza Choudhury,Defender,Leicester City,23,6,4,285,3,0,0,0,0,0,0,1,0,0,0,0,0,0
287,Harvey Barnes,Forward,Leicester City,23,32,24,2,23,6,10,16,6,0,0,2,0,0,0,0,0,0
288,James Justin,Defender,Leicester City,23,13,11,998,11,0,0,0,0,0,0,0,0,0,0,0,0,0
289,James Maddison,Midfielder,Leicester City,24,35,28,2,27,12,8,20,12,0,0,3,0,0,0,0,0,0
290,Jamie Vardy,Forward,Leicester City,34,25,20,1,20,15,2,17,15,0,0,2,0,0,0,0,0,0
291,Jannik Vestergaard,Defender,Leicester City,28,10,6,567,6,0,0,0,0,0,0,2,0,0,0,0,0,0
292,Jonny Evans,Defender,Leicester City,33,18,16,1,15,1,1,2,1,0,0,3,0,0,0,0,0,0
293,Kasey McAteer,Forward,Leicester City,19,1,0,3,0,0,0,0,0,0,0,0,0,0,0,0,0,0
294,Kasper Schmeichel,Goalkeeper,Leicester City,34,37,37,3,37,0,0,0,0,0,0,2,0,0,0,0,0,0
295,Kelechi Iheanacho,Forward,Leicester City,24,26,13,1,14,4,5,9,4,0,0,1,0,0,0,0,0,0
296,Kiernan Dewsbury-Hall,Midfielder,Leicester City,22,28,23,2,23,1,2,3,1,0,0,4,0,0,0,0,0,0
297,Lewis Brunt,Midfielder,Leicester City,20,1,0,24,0,0,0,0,0,0,0,0,0,0,0,0,0,0
298,Luke Thomas,Defender,Leicester City,20,22,21,1,21,0,1,1,0,0,0,2,0,0,0,0,0,0
299,Marc Albrighton,Forward,Leicester City,31,17,11,1,12,1,2,3,1,0,0,3,0,0,0,0,0,0
300,Nampalys Mendy,Midfielder,Leicester City,29,14,12,1,11,0,0,0,0,0,0,3,0,0,0,0,0,0
301,Patson Daka,Forward,Leicester City,22,23,13,1,12,5,3,8,5,0,0,2,0,0,0,0,0,0
302,Ricardo Pereira,Defender,Leicester City,27,14,13,991,11,1,3,4,1,0,0,3,0,0,0,0,0,0
303,Ryan Bertrand,Defender,Leicester City,31,4,4,337,3,0,0,0,0,0,0,1,0,0,0,0,0,0
304,Timothy Castagne,Defender,Leicester City,25,27,22,2,23,1,0,1,1,0,0,1,0,0,0,0,0,0
305,Wesley Fofana,Defender,Leicester City,20,7,7,630,7,0,0,0,0,0,0,2,0,0,0,0,0,0
306,Wilfred Ndidi,Midfielder,Leicester City,24,19,18,1,18,0,0,0,0,0,0,4,0,0,0,0,0,0
307,Wout Faes,Defender,Leicester City,23,37,37,3,37,4,0,4,4,0,0,2,0,0,0,0,0,0
308,Youri Tielemans,Midfielder,Leicester City,24,32,29,2,29,6,4,10,4,2,2,3,0,0,0,0,0,0
309,Alex Oxlade-Chamberlain,Midfielder,Liverpool FC,27,17,9,785,8,2,1,3,2,0,0,0,0,0,0,0,0,0
310,Alisson,Goalkeeper,Liverpool FC,28,36,36,3,36,0,1,1,0,0,0,0,0,0,0,0,0,0
311,Andrew Robertson,Defender,Liverpool FC,27,29,29,2,28,3,10,13,3,0,0,5,1,0,0,0,0,0
312,Arthur Melo,Midfielder,Liverpool FC,24,20,11,962,10,0,0,0,0,0,0,3,0,0,0,0,0,0
313,Calvin Ramsey,Defender,Liverpool FC,18,24,20,1,18,1,4,5,1,0,0,1,0,0,0,0,0,0
314,Caoimhín Kelleher,Goalkeeper,Liverpool FC,22,2,2,180,2,0,0,0,0,0,0,0,0,0,0,0,0,0
315,Curtis Jones,Midfielder,Liverpool FC,20,15,10,851,9,1,1,2,1,0,0,0,0,0,0,0,0,0
316,Darwin Núñez,Forward,Liverpool FC,22,28,24,1,22,26,4,30,22,4,4,6,0,1,0,1,1,1
317,Diogo Jota,Forward,Liverpool FC,24,35,27,2,26,15,4,19,15,0,0,3,0,0,0,0,0,0
318,Divock Origi,Forward,Liverpool FC,26,7,0,133,1,3,0,3,3,0,0,0,0,2,0,2,2,2
319,Fabinho,Midfielder,Liverpool FC,27,29,26,2,25,5,1,6,3,2,2,7,0,0,0,0,0,0
320,Harvey Elliott,Midfielder,Liverpool FC,18,6,4,346,3,0,0,0,0,0,0,0,0,0,0,0,0,0
321,Ibrahima Konaté,Defender,Liverpool FC,22,11,11,990,11,0,0,0,0,0,0,2,0,0,0,0,0,0
322,James Milner,Midfielder,Liverpool FC,35,24,9,853,9,0,1,1,0,0,0,2,0,0,0,0,0,0
323,Joe Gomez,Defender,Liverpool FC,24,8,4,331,3,0,1,1,0,0,0,2,0,0,0,0,0,0
324,Joël Matip,Defender,Liverpool FC,29,31,31,2,31,3,3,6,3,0,0,2,0,0,0,0,0,0
325,Jordan Henderson,Midfielder,Liverpool FC,31,35,29,2,28,2,5,7,2,0,0,3,0,0,0,0,0,0
326,Kaide Gordon,Forward,Liverpool FC,16,1,0,9,0,0,0,0,0,0,0,0,0,0,0,0,0,0
327,Kostas Tsimikas,Defender,Liverpool FC,25,13,9,877,9,0,2,2,0,0,0,3,0,0,0,0,0,0
328,Luis Díaz,Forward,Liverpool FC,24,13,11,958,10,4,3,7,4,0,0,0,0,0,0,0,0,0
329,Mohamed Salah,Forward,Liverpool FC,29,35,30,2,30,23,13,36,18,5,6,1,0,0,0,1,0,1
330,Naby Keïta,Midfielder,Liverpool FC,26,23,14,1,13,3,1,4,3,0,0,3,0,0,0,0,0,0
331,Roberto Firmino,Forward,Liverpool FC,29,20,10,990,11,5,4,9,5,0,0,3,0,0,0,0,0,0
332,Sadio Mané,Forward,Liverpool FC,29,34,32,2,31,16,2,18,16,0,0,5,0,0,0,0,0,0
333,Takumi Minamino,Forward,Liverpool FC,26,11,1,186,2,3,0,3,3,0,0,1,0,1,0,1,1,1
334,Thiago Alcántara,Midfielder,Liverpool FC,30,25,17,1,17,1,4,5,1,0,0,2,0,0,0,0,0,0
335,Trent Alexander-Arnold,Defender,Liverpool FC,22,32,32,2,31,2,12,14,2,0,0,2,0,0,0,0,0,0
336,Tyler Morton,Midfielder,Liverpool FC,18,2,1,66,0,0,0,0,0,0,0,1,0,0,0,0,0,0
337,Virgil van Dijk,Defender,Liverpool FC,30,34,34,3,34,3,1,4,3,0,0,3,0,0,0,0,0,0
338,Aymeric Laporte,Defender,Manchester City,27,33,33,2,31,4,0,4,4,0,0,5,1,0,0,0,0,0
339,Benjamin Mendy,Defender,Manchester City,27,1,1,78,0,0,0,0,0,0,0,0,0,0,0,0,0,0
340,Bernardo Silva,Midfielder,Manchester City,26,35,33,2,31,8,4,12,8,0,0,6,0,0,0,0,0,0
341,CJ Egan-Riley,Defender,Manchester City,18,1,0,4,0,0,0,0,0,0,0,0,0,0,0,0,0,0
342,Cole Palmer,Forward,Manchester City,19,4,1,123,1,0,0,0,0,0,0,0,0,0,0,0,0,0
343,Ederson,Goalkeeper,Manchester City,27,37,37,3,37,0,0,0,0,0,0,3,0,0,0,0,0,0
344,Erling Haaland,Forward,Manchester City,21,24,21,1,21,22,8,30,16,6,6,3,0,1,0,1,0,1
345,Fernandinho,Midfielder,Manchester City,36,19,10,964,10,2,1,3,2,0,0,1,0,0,0,0,0,0
346,Ferrán Torres,Forward,Manchester City,21,4,4,303,3,2,1,3,2,0,0,0,0,0,0,0,0,0
347,Gabriel Jesus,Forward,Manchester City,24,28,21,1,20,8,8,16,7,1,1,1,0,0,0,0,0,0
348,İlkay Gündoğan,Midfielder,Manchester City,30,27,20,1,20,8,4,12,8,0,0,1,0,0,0,0,0,0
349,Jack Grealish,Forward,Manchester City,25,26,22,1,21,3,3,6,3,0,0,3,0,0,0,0,0,0
350,James Mcatee,Midfielder,Manchester City,18,2,0,20,0,0,0,0,0,0,0,0,0,0,0,0,0,0
351,João Cancelo,Defender,Manchester City,27,36,36,3,35,1,7,8,1,0,0,7,0,0,0,0,0,0
352,John Stones,Defender,Manchester City,27,14,12,1,12,1,0,1,1,0,0,0,0,0,0,0,0,0
353,Kayky Chagas,Forward,Manchester City,18,1,0,7,0,0,0,0,0,0,0,0,0,0,0,0,0,0
354,Kevin De Bruyne,Midfielder,Manchester City,30,30,25,2,24,15,8,23,15,0,0,2,0,0,0,0,0,0
355,Kyle Walker,Defender,Manchester City,31,20,20,1,19,0,2,2,0,0,0,1,0,0,0,0,0,0
356,Liam Delap,Forward,Manchester City,18,1,0,10,0,0,0,0,0,0,0,0,0,0,0,0,0,0
357,Manuel Akanji,Defender,Manchester City,26,26,25,2,25,1,0,1,1,0,0,3,0,0,0,0,0,0
358,Nathan Aké,Defender,Manchester City,26,14,10,923,10,2,0,2,2,0,0,0,0,0,0,0,0,0
359,Oleksandr Zinchenko,Defender,Manchester City,24,15,10,1,11,0,4,4,0,0,0,0,0,0,0,0,0,0
360,Phil Foden,Forward,Manchester City,21,28,24,2,23,9,5,14,9,0,0,1,0,0,0,0,0,0
361,Riyad Mahrez,Forward,Manchester City,30,28,15,1,16,11,5,16,7,4,5,0,0,0,0,0,0,0
362,Rodri,Midfielder,Manchester City,25,33,33,2,32,7,2,9,7,0,0,5,0,0,0,0,0,0
363,Rúben Dias,Defender,Manchester City,24,29,27,2,26,2,4,6,2,0,0,5,0,0,0,0,0,0
364,Sergio Gómez,Defender,Manchester City,20,34,34,2,33,5,11,16,2,3,3,4,0,0,0,0,0,0
365,Zack Steffen,Goalkeeper,Manchester City,26,1,1,90,1,0,0,0,0,0,0,0,0,0,0,0,0,0
366,Donny van de Beek,Midfielder,Manchester United,24,7,5,483,5,1,0,1,1,0,0,1,0,0,0,0,0,0
367,Antony,Forward,Manchester United,21,23,21,1,19,8,4,12,8,0,0,5,1,0,0,0,0,0
368,Casemiro,Midfielder,Manchester United,29,32,31,2,28,1,3,4,1,0,0,11,0,0,0,0,0,0
369,Christian Eriksen,Midfielder,Manchester United,29,11,10,939,10,1,4,5,1,0,0,1,0,0,0,0,0,0
370,Lisandro Martínez,Defender,Manchester United,23,24,23,1,21,1,3,4,1,0,0,4,0,0,0,0,0,0
371,Tyrell Malacia,Defender,Manchester United,21,32,32,2,31,1,4,5,1,0,0,5,0,0,0,0,0,0
372,Aaron Wan-Bissaka,Defender,Manchester United,23,20,20,1,19,0,0,0,0,0,0,2,0,0,0,0,0,0
373,Alejandro Garnacho,Forward,Manchester United,17,2,0,13,0,0,0,0,0,0,0,0,0,0,0,0,0,0
374,Alex Telles,Defender,Manchester United,28,21,18,1,18,0,4,4,0,0,0,1,0,0,0,0,0,0
375,Anthony Elanga,Forward,Manchester United,19,21,14,1,13,2,2,4,2,0,0,0,0,0,0,0,0,0
376,Anthony Martial,Forward,Manchester United,25,8,2,212,2,1,0,1,1,0,0,0,0,0,0,0,0,0
377,Bruno Fernandes,Midfielder,Manchester United,26,36,35,3,34,10,6,16,10,0,2,10,0,0,0,0,0,0
378,Cristiano Ronaldo,Forward,Manchester United,36,30,27,2,27,18,3,21,15,3,3,8,0,0,0,0,0,0
379,David de Gea,Goalkeeper,Manchester United,30,38,38,3,38,0,0,0,0,0,0,0,0,0,0,0,0,0
380,Diogo Dalot,Defender,Manchester United,22,24,19,1,20,0,0,0,0,0,0,4,0,0,0,0,0,0
381,Edinson Cavani,Forward,Manchester United,34,15,7,766,8,2,1,3,2,0,0,0,0,0,0,0,0,0
382,Fred,Midfielder,Manchester United,28,28,24,2,22,4,4,8,4,0,0,5,0,0,0,0,0,0
383,Hannibal Mejbri,Forward,Manchester United,18,2,1,68,0,0,0,0,0,0,0,2,0,0,0,0,0,0
384,Harry Maguire,Defender,Manchester United,28,30,28,2,27,1,0,1,1,0,0,9,1,0,0,0,0,0
385,Jadon Sancho,Forward,Manchester United,21,29,20,1,21,3,3,6,3,0,0,0,0,0,0,0,0,0
386,Jesse Lingard,Forward,Manchester United,28,16,2,367,4,2,0,2,2,0,0,1,0,0,0,0,0,0
387,Juan Mata,Midfielder,Manchester United,33,7,2,235,2,0,0,0,0,0,0,0,0,0,0,0,0,0
388,Luke Shaw,Defender,Manchester United,26,20,19,1,17,0,3,3,0,0,0,8,0,0,0,0,0,0
389,Marcus Rashford,Forward,Manchester United,23,25,13,1,13,4,2,6,4,0,0,2,0,0,0,0,0,0
390,Mason Greenwood,Forward,Manchester United,19,18,16,1,14,5,1,6,5,0,0,1,0,0,0,0,0,0
391,Paul Pogba,Midfielder,Manchester United,28,20,16,1,15,1,9,10,1,0,0,7,1,0,0,0,0,0
392,Phil Jones,Defender,Manchester United,29,4,2,163,1,0,0,0,0,0,0,0,0,0,0,0,0,0
393,Raphaël Varane,Defender,Manchester United,28,22,20,1,20,1,1,2,1,0,0,0,0,0,0,0,0,0
394,Scott McTominay,Midfielder,Manchester United,24,30,28,2,26,1,1,2,1,0,0,9,0,0,0,0,0,0
395,Shola Shoretire,Midfielder,Manchester United,17,1,0,16,0,0,0,0,0,0,0,0,0,0,0,0,0,0
396,Victor Lindelöf,Defender,Manchester United,27,28,26,2,26,0,2,2,0,0,0,4,0,0,0,0,0,0
397,Nick Pope,Goalkeeper,Newcastle United,29,36,36,3,36,0,0,0,0,0,0,1,0,0,0,0,0,0
398,Alexander Isak,Forward,Newcastle United,21,32,26,2,23,6,2,8,4,2,2,6,0,0,0,0,0,0
399,Allan Saint-Maximin,Forward,Newcastle United,24,35,31,2,31,5,5,10,5,0,0,6,0,0,0,0,0,0
400,Bruno Guimarães,Midfielder,Newcastle United,23,17,11,1,11,5,1,6,5,0,0,4,0,0,0,0,0,0
401,Callum Wilson,Forward,Newcastle United,29,18,16,1,15,8,0,8,6,2,2,4,0,0,0,0,0,0
402,Chris Wood,Forward,Newcastle United,29,17,15,1,14,2,0,2,1,1,1,0,0,0,0,0,0,0
403,Ciaran Clark,Defender,Newcastle United,31,13,12,1,11,0,1,1,0,0,0,2,1,0,0,0,0,0
404,Dan Burn,Defender,Newcastle United,29,16,16,1,16,0,1,1,0,0,0,4,0,0,0,0,0,0
405,Dwight Gayle,Forward,Newcastle United,30,8,0,38,0,0,0,0,0,0,0,1,0,0,0,0,0,0
406,Emil Krafth,Defender,Newcastle United,26,20,18,1,18,0,1,1,0,0,0,5,0,0,0,0,0,0
407,Fabian Schär,Defender,Newcastle United,29,25,25,2,24,2,2,4,2,0,0,4,0,0,0,0,0,0
408,Federico Fernández,Defender,Newcastle United,32,7,5,523,5,0,0,0,0,0,0,0,0,0,0,0,0,0
409,Freddie Woodman,Goalkeeper,Newcastle United,24,4,4,360,4,0,0,0,0,0,0,0,0,0,0,0,0,0
410,Isaac Hayden,Midfielder,Newcastle United,26,14,12,1,11,1,0,1,1,0,0,5,0,0,0,0,0,0
411,Jacob Murphy,Forward,Newcastle United,26,33,13,1,16,1,2,3,1,0,0,4,0,0,0,0,0,0
412,Jamaal Lascelles,Defender,Newcastle United,27,26,22,2,22,1,0,1,1,0,0,5,0,0,0,0,0,0
413,Jamal Lewis,Defender,Newcastle United,23,5,4,262,2,0,0,0,0,0,0,1,0,0,0,0,0,0
414,Javier Manquillo,Defender,Newcastle United,27,19,15,1,14,1,2,3,1,0,0,5,0,0,0,0,0,0
415,Jeff Hendrick,Midfielder,Newcastle United,29,3,0,72,0,1,0,1,1,0,0,0,0,1,0,1,1,1
416,Joe Willock,Midfielder,Newcastle United,21,29,24,2,22,2,0,2,2,0,0,0,0,0,0,0,0,0
417,Joelinton,Midfielder,Newcastle United,24,35,30,2,28,4,1,5,4,0,0,8,0,0,0,0,0,0
418,Jonjo Shelvey,Midfielder,Newcastle United,29,24,22,1,22,2,1,3,2,0,0,7,1,0,0,0,0,0
419,Karl Darlow,Goalkeeper,Newcastle United,30,8,8,720,8,0,0,0,0,0,0,1,0,0,0,0,0,0
420,Kieran Trippier,Defender,Newcastle United,30,6,5,429,4,2,0,2,2,0,0,0,0,0,0,0,0,0
421,Martin Dúbravka,Goalkeeper,Newcastle United,32,26,26,2,26,0,0,0,0,0,0,1,0,0,0,0,0,0
422,Matt Ritchie,Defender,Newcastle United,31,18,14,1,14,0,2,2,0,0,0,5,0,0,0,0,0,0
423,Matt Targett,Defender,Newcastle United,25,16,16,1,16,0,0,0,0,0,0,1,0,0,0,0,0,0
424,Miguel Almirón,Midfielder,Newcastle United,27,30,19,1,19,1,0,1,1,0,0,2,0,0,0,0,0,0
425,Paul Dummett,Defender,Newcastle United,29,3,2,198,2,0,0,0,0,0,0,2,0,0,0,0,0,0
426,Ryan Fraser,Forward,Newcastle United,27,27,18,1,16,2,3,5,2,0,0,3,0,0,0,0,0,0
427,Sean Longstaff,Midfielder,Newcastle United,23,24,15,1,16,1,1,2,1,0,0,1,0,0,0,0,0,0
428,Sven Botman,Defender,Newcastle United,21,25,25,2,25,3,1,4,3,0,0,4,0,0,0,0,0,0
429,Cheikhou Kouyaté,Midfielder,Nottingham Forest,31,27,23,1,21,0,1,1,0,0,0,3,0,0,0,0,0,0
430,Alexander Mighten,Forward,Nottingham Forest,19,23,5,692,7,1,1,2,1,0,0,0,0,0,0,0,0,0
431,Ateef Konaté,Forward,Nottingham Forest,20,1,0,9,0,0,0,0,0,0,0,0,0,0,0,0,0,0
432,Brennan Johnson,Forward,Nottingham Forest,20,46,44,3,43,16,10,26,13,3,4,3,0,0,0,0,0,0
433,Cafú,Midfielder,Nottingham Forest,28,14,2,356,4,1,1,2,1,0,0,1,0,0,0,0,0,0
434,Djed Spence,Defender,Nottingham Forest,20,39,38,3,37,2,4,6,2,0,0,4,0,0,0,0,0,0
435,Ethan Horvath,Goalkeeper,Nottingham Forest,26,6,6,540,6,0,0,0,0,0,0,0,0,0,0,0,0,0
436,Fin Back,Defender,Nottingham Forest,18,3,2,254,2,0,0,0,0,0,0,0,0,0,0,0,0,0
437,Gaëtan Bong,Defender,Nottingham Forest,33,7,4,444,4,0,1,1,0,0,0,0,0,0,0,0,0,0
438,Giulian Biancone,Defender,Nottingham Forest,21,33,26,2,25,1,2,3,1,0,0,10,0,0,0,0,0,0
439,Harry Toffolo,Defender,Nottingham Forest,25,42,40,3,39,6,7,13,6,0,0,4,0,0,0,0,0,0
440,Hwang Ui-jo,Forward,Nottingham Forest,28,32,29,2,27,11,2,13,11,0,0,3,0,0,0,0,0,0
441,Jack Colback,Defender,Nottingham Forest,31,38,36,3,34,3,1,4,3,0,0,12,1,0,0,0,0,0
442,James Garner,Midfielder,Nottingham Forest,20,41,36,3,36,4,8,12,4,0,0,8,0,0,0,0,0,0
443,Jayden Richardson,Defender,Nottingham Forest,20,2,0,29,0,0,0,0,0,0,0,0,0,0,0,0,0,0
444,João Carvalho,Midfielder,Nottingham Forest,24,7,2,241,2,0,0,0,0,0,0,1,0,0,0,0,0,0
445,Joe Worrall,Defender,Nottingham Forest,24,39,39,3,39,0,1,1,0,0,0,8,0,0,0,0,0,0
446,Jonathan Panzo,Defender,Nottingham Forest,20,1,1,64,0,0,0,0,0,0,0,0,0,0,0,0,0,0
447,Jordan Gabriel,Defender,Nottingham Forest,22,4,4,359,4,0,0,0,0,0,0,2,1,0,0,0,0,0
448,Jordi Osei-Tutu,Midfielder,Nottingham Forest,22,4,4,233,2,0,0,0,0,0,0,1,0,0,0,0,0,0
449,Josh Bowler,Midfielder,Nottingham Forest,22,42,30,2,31,7,3,10,7,0,0,6,0,0,0,0,0,0
450,Keinan Davis,Forward,Nottingham Forest,23,15,14,1,11,5,2,7,5,0,0,5,0,0,0,0,0,0
451,Lewis Grabban,Forward,Nottingham Forest,33,32,23,2,22,12,4,16,10,2,2,3,0,0,0,0,0,0
452,Lewis O'Brien,Midfielder,Nottingham Forest,22,43,43,3,42,3,3,6,3,0,0,9,0,0,0,0,0,0
453,Loïc Bade,Defender,Nottingham Forest,21,14,11,985,10,0,1,1,0,0,0,3,1,0,0,0,0,0
454,Loïc Mbe Soh,Defender,Nottingham Forest,20,2,2,117,1,0,0,0,0,0,0,0,0,0,0,0,0,0
455,Lyle Taylor,Forward,Nottingham Forest,31,18,8,795,8,3,1,4,2,1,1,3,0,0,0,0,0,0
456,Max Lowe,Defender,Nottingham Forest,24,20,19,1,18,1,4,5,1,0,0,2,0,0,0,0,0,0
457,Moussa Niakhate,Defender,Nottingham Forest,25,30,29,2,28,4,0,4,2,2,2,1,0,0,0,0,0,0
458,Neco Williams,Defender,Nottingham Forest,20,14,14,1,13,2,2,4,2,0,0,2,0,0,0,0,0,0
459,Omar Richards,Defender,Nottingham Forest,23,12,5,438,4,0,0,0,0,0,0,1,0,0,0,0,0,0
460,Orel Mangala,Midfielder,Nottingham Forest,23,28,22,1,20,1,3,4,1,0,0,4,0,0,0,0,0,0
461,Philip Zinckernagel,Midfielder,Nottingham Forest,26,42,35,2,31,6,7,13,6,0,0,5,0,0,0,0,0,0
462,Remo Freuler,Midfielder,Nottingham Forest,29,29,28,2,26,1,3,4,1,0,0,10,0,0,0,0,0,0
463,Renan Lodi,Defender,Nottingham Forest,23,29,13,1,13,2,2,4,2,0,0,4,0,0,0,0,0,0
464,Ryan Yates,Midfielder,Nottingham Forest,23,43,41,3,40,8,0,8,8,0,0,8,0,0,0,0,0,0
465,Sam Surridge,Forward,Nottingham Forest,23,17,5,623,6,7,1,8,7,0,0,2,0,1,0,1,1,1
466,Scott McKenna,Defender,Nottingham Forest,24,45,45,3,44,2,3,5,2,0,0,7,0,0,0,0,0,0
467,Steve Cook,Defender,Nottingham Forest,30,14,13,1,12,0,0,0,0,0,0,0,0,0,0,0,0,0
468,Taiwo Awoniyi,Forward,Nottingham Forest,23,31,29,2,24,15,1,16,13,2,2,1,0,0,0,0,0,0
469,Tobias Figueiredo,Defender,Nottingham Forest,27,26,22,1,21,0,0,0,0,0,0,6,0,0,0,0,0,0
470,Tyrese Fornah,Midfielder,Nottingham Forest,21,1,0,6,0,0,0,0,0,0,0,0,0,0,0,0,0,0
471,Xande Silva,Forward,Nottingham Forest,24,8,2,238,2,0,1,1,0,0,0,0,0,0,0,0,0,0
472,Emmanuel Dennis,Forward,Nottingham Forest,23,33,30,2,28,10,6,16,10,0,0,9,1,0,0,0,0,0
473,Adam Armstrong,Forward,Southampton FC,24,23,17,1,15,2,2,4,2,0,0,1,0,0,0,0,0,0
474,Alex McCarthy,Goalkeeper,Southampton FC,31,17,17,1,17,0,0,0,0,0,0,1,0,0,0,0,0,0
475,Armando Broja,Forward,Southampton FC,19,32,21,1,21,6,0,6,6,0,0,2,0,0,0,0,0,0
476,Armel Bella Kotchap,Defender,Southampton FC,19,22,20,1,19,0,0,0,0,0,0,5,0,0,0,0,0,0
477,Che Adams,Forward,Southampton FC,25,30,23,2,22,7,3,10,7,0,0,0,0,0,0,0,0,0
478,Duje Ćaleta-Car,Defender,Southampton FC,24,26,24,2,22,2,0,2,2,0,0,6,0,0,0,0,0,0
479,Fraser Forster,Goalkeeper,Southampton FC,33,19,19,1,19,0,0,0,0,0,0,1,0,0,0,0,0,0
480,Ibrahima Diallo,Midfielder,Southampton FC,22,23,10,1,11,0,2,2,0,0,0,1,0,0,0,0,0,0
481,Jack Stephens,Defender,Southampton FC,27,11,9,811,9,0,0,0,0,0,0,3,0,0,0,0,0,0
482,James Ward-Prowse,Midfielder,Southampton FC,26,36,36,3,35,10,5,15,6,4,4,3,1,0,0,0,0,0
483,Jan Bednarek,Defender,Southampton FC,25,31,30,2,29,4,0,4,4,0,0,10,0,0,0,0,0,0
484,Joe Aribo,Midfielder,Southampton FC,25,34,31,2,29,8,4,12,8,0,0,5,0,0,0,0,0,0
485,Kyle Walker-Peters,Defender,Southampton FC,24,32,29,2,29,1,2,3,1,0,0,5,0,0,0,0,0,0
486,Lyanco,Defender,Southampton FC,24,15,9,911,10,0,0,0,0,0,0,2,0,0,0,0,0,0
487,Mohamed Elyounoussi,Midfielder,Southampton FC,26,30,23,2,22,4,2,6,4,0,0,4,0,0,0,0,0,0
488,Mohammed Salisu,Defender,Southampton FC,22,34,33,2,33,0,0,0,0,0,0,10,1,0,0,0,0,0
489,Moussa Djenepo,Midfielder,Southampton FC,23,12,5,457,5,0,0,0,0,0,0,3,0,0,0,0,0,0
490,Nathan Redmond,Midfielder,Southampton FC,27,27,20,1,20,1,5,6,1,0,0,0,0,0,0,0,0,0
491,Nathan Tella,Midfielder,Southampton FC,22,14,10,804,8,0,1,1,0,0,0,2,0,0,0,0,0,0
492,Oriol Romeu,Midfielder,Southampton FC,29,36,34,2,32,2,2,4,2,0,0,9,0,0,0,0,0,0
493,Romain Perraud,Defender,Southampton FC,23,20,18,1,18,0,1,1,0,0,0,3,0,0,0,0,0,0
494,Roméo Lavia,Midfielder,Southampton FC,17,20,20,1,18,1,2,3,1,0,1,4,1,0,0,0,0,0
495,Sekou Mara,Forward,Southampton FC,19,26,8,905,10,6,0,6,5,1,1,2,0,0,0,0,0,0
496,Shane Long,Forward,Southampton FC,34,13,3,308,3,1,0,1,1,0,0,1,0,0,0,0,0,0
497,Stuart Armstrong,Midfielder,Southampton FC,29,25,15,1,16,2,0,2,2,0,0,1,0,0,0,0,0,0
498,Theo Walcott,Midfielder,Southampton FC,32,9,5,379,4,0,0,0,0,0,0,0,0,0,0,0,0,0
499,Valentino Livramento,Defender,Southampton FC,18,28,25,2,24,1,1,2,1,0,0,2,0,0,0,0,0,0
500,William Smallbone,Midfielder,Southampton FC,21,4,2,133,1,0,0,0,0,0,0,0,0,0,0,0,0,0
501,Willy Caballero,Goalkeeper,Southampton FC,39,2,2,180,2,0,0,0,0,0,0,1,0,0,0,0,0,0
502,Yan Valery,Defender,Southampton FC,22,5,3,370,4,0,0,0,0,0,0,0,0,0,0,0,0,0
503,Yves Bissouma,Midfielder,Tottenham Hotspurs,24,26,25,2,23,1,2,3,1,0,0,10,0,0,0,0,0,0
504,Richarlison,Forward,Tottenham Hotspurs,24,30,28,2,28,10,5,15,7,3,3,9,0,0,0,0,0,0
505,Ben Davies,Defender,Tottenham Hotspurs,28,29,28,2,28,1,1,2,1,0,0,6,0,0,0,0,0,0
506,Bryan,Forward,Tottenham Hotspurs,20,9,0,94,1,0,0,0,0,0,0,0,0,0,0,0,0,0
507,Clément Lenglet,Defender,Tottenham Hotspurs,26,21,7,826,9,0,1,1,0,0,0,4,0,0,0,0,0,0
508,Cristian Romero,Defender,Tottenham Hotspurs,23,22,21,1,20,1,0,1,1,0,0,8,0,0,0,0,0,0
509,Dane Scarlett,Midfielder,Tottenham Hotspurs,17,1,0,4,0,0,0,0,0,0,0,0,0,0,0,0,0,0
510,Davinson Sánchez,Defender,Tottenham Hotspurs,25,23,17,1,18,2,0,2,2,0,0,4,0,0,0,0,0,0
511,Dejan Kulusevski,Midfielder,Tottenham Hotspurs,21,18,14,1,14,5,8,13,5,0,0,3,0,0,0,0,0,0
512,Destiny Udogie,Defender,Tottenham Hotspurs,18,35,29,2,27,5,3,8,5,0,0,4,0,0,0,0,0,0
513,Emerson,Defender,Tottenham Hotspurs,22,31,26,2,25,1,1,2,1,0,0,5,0,0,0,0,0,0
514,Eric Dier,Defender,Tottenham Hotspurs,27,35,35,3,34,0,0,0,0,0,0,1,0,0,0,0,0,0
515,Giovani Lo Celso,Midfielder,Tottenham Hotspurs,25,9,2,238,2,0,0,0,0,0,0,0,0,0,0,0,0,0
516,Harry Kane,Forward,Tottenham Hotspurs,28,37,36,3,35,17,9,26,13,4,4,5,0,0,0,0,0,0
517,Harry Winks,Midfielder,Tottenham Hotspurs,25,19,9,912,10,0,1,1,0,0,0,2,0,0,0,0,0,0
518,Hugo Lloris,Goalkeeper,Tottenham Hotspurs,34,38,38,3,38,0,0,0,0,0,0,2,0,0,0,0,0,0
519,Ivan Perišić,Defender,Tottenham Hotspurs,32,35,35,2,31,8,6,14,7,1,1,4,0,0,0,0,0,0
520,Japhet Tanganga,Defender,Tottenham Hotspurs,22,11,10,735,8,0,0,0,0,0,0,4,1,0,0,0,0,0
521,Joe Rodon,Defender,Tottenham Hotspurs,23,3,0,89,1,0,0,0,0,0,0,0,0,0,0,0,0,0
522,Lucas Moura,Forward,Tottenham Hotspurs,28,34,19,1,19,2,6,8,2,0,0,4,0,0,0,0,0,0
523,Matt Doherty,Defender,Tottenham Hotspurs,29,15,9,875,9,2,4,6,2,0,0,0,0,0,0,0,0,0
524,Oliver Skipp,Midfielder,Tottenham Hotspurs,20,18,14,1,15,0,0,0,0,0,0,6,0,0,0,0,0,0
525,Pierre Højbjerg,Midfielder,Tottenham Hotspurs,25,36,36,3,35,2,2,4,2,0,0,3,0,0,0,0,0,0
526,Richarlison,Forward,Tottenham Hotspurs,24,30,28,2,28,10,5,15,7,3,3,9,0,0,0,0,0,0
527,Rodrigo Bentancur,Midfielder,Tottenham Hotspurs,24,17,16,1,15,0,4,4,0,0,0,5,0,0,0,0,0,0
528,Ryan Sessegnon,Defender,Tottenham Hotspurs,21,15,13,1,11,0,2,2,0,0,0,2,0,0,0,0,0,0
529,Sergio Reguilón,Defender,Tottenham Hotspurs,24,25,22,1,21,2,3,5,2,0,0,4,0,0,0,0,0,0
530,Son Heung-min,Midfielder,Tottenham Hotspurs,29,35,35,3,33,23,7,30,23,0,0,2,0,0,0,0,0,0
531,Steven Bergwijn,Forward,Tottenham Hotspurs,23,25,4,565,6,3,1,4,3,0,0,1,0,0,0,0,0,0
532,Tanguy Ndombele,Midfielder,Tottenham Hotspurs,24,9,6,484,5,1,1,2,1,0,0,1,0,0,0,0,0,0
533,Maxwel Cornet,Forward,West Ham United,24,26,21,1,19,9,1,10,9,0,1,2,0,0,0,0,0,0
534,Emerson Palmieri,Defender,West Ham United,26,1,0,5,0,0,0,0,0,0,0,0,0,0,0,0,0,0
535,Aaron Cresswell,Defender,West Ham United,31,31,31,2,30,2,3,5,2,0,0,3,0,0,0,0,0,0
536,Alex Král,Midfielder,West Ham United,23,1,0,1,0,0,0,0,0,0,0,0,0,0,0,0,0,0
537,Alphonse Areola,Goalkeeper,West Ham United,28,1,1,90,1,0,0,0,0,0,0,0,0,0,0,0,0,0
538,Andriy Yarmolenko,Forward,West Ham United,31,19,1,316,3,1,0,1,1,0,0,1,0,0,0,0,0,0
539,Angelo Ogbonna,Defender,West Ham United,33,11,11,921,10,1,0,1,1,0,0,1,0,0,0,0,0,0
540,Arthur Masuaku,Defender,West Ham United,27,13,6,650,7,1,1,2,1,0,0,1,0,0,0,0,0,0
541,Ben Johnson,Defender,West Ham United,21,20,16,1,15,1,0,1,1,0,0,1,0,0,0,0,0,0
542,Craig Dawson,Defender,West Ham United,31,34,30,2,30,2,2,4,2,0,0,5,1,0,0,0,0,0
543,Daniel Chesters,Midfielder,West Ham United,19,1,0,1,0,0,0,0,0,0,0,0,0,0,0,0,0,0
544,Declan Rice,Midfielder,West Ham United,22,36,35,3,35,1,4,5,1,0,0,8,0,0,0,0,0,0
545,Flynn Downes,Midfielder,West Ham United,22,37,34,2,31,1,2,3,1,0,0,12,1,0,0,0,0,0
546,Gianluca Scamacca,Forward,West Ham United,22,36,25,2,23,16,0,16,15,1,1,7,0,0,0,0,0,0
547,Harrison Ashby,Defender,West Ham United,19,1,0,7,0,0,0,0,0,0,0,0,0,0,0,0,0,0
548,Issa Diop,Defender,West Ham United,24,13,10,963,10,0,1,1,0,0,0,0,0,0,0,0,0,0
549,Jarrod Bowen,Forward,West Ham United,24,36,34,2,33,12,10,22,12,0,0,6,0,0,0,0,0,0
550,Kurt Zouma,Defender,West Ham United,26,24,24,2,23,1,0,1,1,0,0,1,0,0,0,0,0,0
551,Lucas Paquetá,Midfielder,West Ham United,23,35,32,2,30,9,6,15,8,1,1,3,0,0,0,0,0,0
552,Łukasz Fabiański,Goalkeeper,West Ham United,36,37,37,3,37,0,0,0,0,0,0,2,0,0,0,0,0,0
553,Manuel Lanzini,Midfielder,West Ham United,28,30,19,1,19,5,3,8,2,3,3,2,0,0,0,0,0,0
554,Mark Noble,Midfielder,West Ham United,34,11,3,332,3,1,0,1,0,1,2,0,0,0,0,0,0,0
555,Michail Antonio,Forward,West Ham United,31,36,34,2,33,10,8,18,10,0,1,8,1,0,0,0,0,0
556,Nayef Aguerd,Defender,West Ham United,25,31,31,2,30,2,2,4,2,0,0,3,1,0,0,0,0,0
557,Nikola Vlašić,Forward,West Ham United,23,19,6,560,6,1,0,1,1,0,0,0,0,0,0,0,0,0
558,Pablo Fornals,Forward,West Ham United,25,36,32,2,31,6,3,9,6,0,0,4,0,0,0,0,0,0
559,Ryan Fredericks,Defender,West Ham United,28,7,3,307,3,0,0,0,0,0,0,1,0,0,0,0,0,0
560,Saïd Benrahma,Forward,West Ham United,25,32,26,2,24,8,6,14,8,0,0,0,0,0,0,0,0,0
561,Sonny Perkins,Forward,West Ham United,17,1,0,4,0,0,0,0,0,0,0,0,0,0,0,0,0,0
562,Thilo Kehrer,Defender,West Ham United,24,27,16,1,16,2,0,2,2,0,0,0,0,0,0,0,0,0
563,Tomáš Souček,Midfielder,West Ham United,26,35,34,3,34,5,1,6,5,0,0,3,0,0,0,0,0,0
564,Vladimír Coufal,Defender,West Ham United,28,28,25,2,24,0,4,4,0,0,0,5,1,0,0,0,0,0
565,Nathan Collins,Defender,Wolverhampton Wanderers,20,19,18,1,18,2,0,2,2,0,0,2,1,0,0,0,0,0
566,Adama Traoré,Forward,Wolverhampton Wanderers,25,20,10,1,11,1,0,1,1,0,0,0,0,0,0,0,0,0
567,Boubacar Traoré,Midfielder,Wolverhampton Wanderers,19,27,17,1,19,1,1,2,1,0,0,9,1,0,0,0,0,0
568,Chem Campbell,Midfielder,Wolverhampton Wanderers,18,1,0,13,0,0,0,0,0,0,0,0,0,0,0,0,0,0
569,Chiquinho,Defender,Wolverhampton Wanderers,21,8,1,208,2,0,3,3,0,0,0,0,0,0,1,1,0,1
570,Conor Coady,Defender,Wolverhampton Wanderers,28,38,38,3,37,4,0,4,4,0,0,4,0,0,0,0,0,0
571,Daniel Podence,Forward,Wolverhampton Wanderers,25,26,15,1,16,2,3,5,2,0,0,2,0,0,0,0,0,0
572,Fábio Silva,Forward,Wolverhampton Wanderers,19,22,6,572,6,0,0,0,0,0,0,0,0,0,0,0,0,0
573,Fernando Marçal,Midfielder,Wolverhampton Wanderers,32,18,17,1,16,0,0,0,0,0,0,3,0,0,0,0,0,0
574,Francisco Trincão,Forward,Wolverhampton Wanderers,21,28,16,1,14,2,1,3,2,0,0,0,0,0,0,0,0,0
575,Gonçalo Guedes,Forward,Wolverhampton Wanderers,24,36,30,2,29,11,6,17,10,1,2,3,0,0,0,0,0,0
576,Hwang Hee-chan,Forward,Wolverhampton Wanderers,25,30,20,1,20,5,1,6,5,0,0,2,0,0,0,0,0,0
577,João Moutinho,Midfielder,Wolverhampton Wanderers,34,35,34,2,33,2,1,3,2,0,0,4,0,0,0,0,0,0
578,John Ruddy,Goalkeeper,Wolverhampton Wanderers,34,2,1,135,1,0,0,0,0,0,0,0,0,0,0,0,0,0
579,Jonny Castro,Defender,Wolverhampton Wanderers,27,13,10,1,11,2,0,2,2,0,0,1,0,0,0,0,0,0
580,José Sá,Goalkeeper,Wolverhampton Wanderers,28,37,37,3,36,0,1,1,0,0,0,3,0,0,0,0,0,0
581,Ki-Jana Hoever,Defender,Wolverhampton Wanderers,19,8,4,308,3,0,0,0,0,0,0,1,0,0,0,0,0,0
582,Leander Dendoncker,Midfielder,Wolverhampton Wanderers,26,30,21,1,21,2,2,4,2,0,0,4,0,0,0,0,0,0
583,Luke Cundle,Midfielder,Wolverhampton Wanderers,19,4,2,180,2,0,0,0,0,0,0,0,0,0,0,0,0,0
584,Matheus Nunes,Midfielder,Wolverhampton Wanderers,22,33,31,2,28,3,1,4,3,0,0,4,0,0,0,0,0,0
585,Max Kilman,Defender,Wolverhampton Wanderers,24,30,30,2,29,1,0,1,1,0,0,3,0,0,0,0,0,0
586,Morgan Gibbs-White,Defender,Wolverhampton Wanderers,21,2,0,9,0,0,0,0,0,0,0,1,0,0,0,0,0,0
587,Nélson Semedo,Midfielder,Wolverhampton Wanderers,27,25,25,2,23,0,1,1,0,0,0,1,0,0,0,0,0,0
588,Pedro Neto,Forward,Wolverhampton Wanderers,21,13,5,466,5,1,1,2,1,0,0,3,0,0,0,0,0,0
589,Raúl Jiménez,Forward,Wolverhampton Wanderers,30,34,30,2,29,6,4,10,5,1,1,9,2,0,0,0,0,0
590,Rayan Aït Nouri,Defender,Wolverhampton Wanderers,20,23,20,1,20,1,2,3,1,0,0,4,0,0,0,0,0,0
591,Romain Saïss,Defender,Wolverhampton Wanderers,31,31,31,2,30,2,0,2,2,0,0,6,0,0,0,0,0,0
592,Rúben Neves,Midfielder,Wolverhampton Wanderers,24,33,31,2,29,4,2,6,4,0,0,9,0,0,0,0,0,0
593,Sasa Kalajdzic,Forward,Wolverhampton Wanderers,24,15,13,1,13,6,1,7,5,1,2,2,0,0,0,0,0,0
594,Toti Gomes,Defender,Wolverhampton Wanderers,22,4,4,360,4,0,0,0,0,0,0,1,0,0,0,0,0,0
595,Willy Boly,Defender,Wolverhampton Wanderers,30,10,10,900,10,0,0,0,0,0,0,1,0,0,0,0,0,0
